Diallo,Ibrahima,ibrahima.diallo@odc.sn,M,777777777
Ba,Néné,nene.ba@odc.sn,M,777777778
Diop,Mouhamed,mouhamed.diop@odc.sn,M,777777779
Diop,Seydina,seydina.diop@odc.sn,M,777777780
Wade,Dame,dame.wade@odc.sn,M,777777781
Ba,Awa,awa.ba@odc.sn,M,777777782
Fall,Moustapha,moustapha.fall@odc.sn,M,777777783
Diol,Issa,issa.diol@odc.sn,M,777777784
Mbow,Saer,saer.mbow@odc.sn,M,777777785
Diallo,Ibrahima,ibrahima.diallo@odc.sn,M,777777786
Ba,Néné,nene.ba@odc.sn,M,777777787
Diop,Mouhamed,mouhamed.diop@odc.sn,M,777777788
Diouf,Fatou,fatou@gmail.com,F,777777789
Diouf,Fatou,fatou@gmail.com,F,777777790
Diouf,Fatou,fatou@gmail.com,F,777777791
Diop,Seydina,seydina.diop@odc.sn,M,777777792
Wade,Dame,dame.wade@odc.sn,M,777777793
Ba,Awa,awa.ba@odc.sn,M,777777794
Fall,Moustapha,moustapha.fall@odc.sn,M,777777795
Diol,Issa,issa.diol@odc.sn,M,777777796
Mbow,Saer,saer.mbow@odc.sn,M,777777797
Diallo,Ibrahima,ibrahima.diallo@odc.sn,M,777777798
Ba,Néné,nene.ba@odc.sn,M,777777799
Diop,Mouhamed,mouhamed.diop@odc.sn,M,777777800
Diop,Seydina,seydina.diop@odc.sn,M,777777801
Wade,Dame,dame.wade@odc.sn,M,777777802
Ba,Awa,awa.ba@odc.sn,M,777777803
Diouf,Fatou,fatou@gmail.com,F,777777804
Diouf,Fatou,fatou@gmail.com,F,777777805
Diouf,Fatou,fatou@gmail.com,F,777777806
Fall,Moustapha,moustapha.fall@odc.sn,M,777777807
Diol,Issa,issa.diol@odc.sn,M,777777808
Mbow,Saer,saer.mbow@odc.sn,M,777777809